team_abbr,season,week,completions,attempts,passing_yards,passing_tds,passing_interceptions,sacks_suffered,sack_yards_lost,sack_fumbles,sack_fumbles_lost,passing_air_yards,passing_yards_after_catch,passing_first_downs,passing_epa,passing_cpoe,passing_2pt_conversions,carries,rushing_yards,rushing_tds,rushing_fumbles,rushing_fumbles_lost,rushing_first_downs,rushing_epa,rushing_2pt_conversions,receptions,targets,receiving_yards,receiving_tds,receiving_fumbles,receiving_fumbles_lost,receiving_air_yards,receiving_yards_after_catch,receiving_first_downs,receiving_epa,receiving_2pt_conversions,special_teams_tds,def_tackles_solo,def_tackles_with_assist,def_tackle_assists,def_tackles_for_loss,def_tackles_for_loss_yards,def_fumbles_forced,def_sacks,def_sack_yards,def_qb_hits,def_interceptions,def_interception_yards,def_pass_defended,def_tds,def_fumbles,def_safeties,misc_yards,fumble_recovery_own,fumble_recovery_yards_own,fumble_recovery_opp,fumble_recovery_yards_opp,fumble_recovery_tds,penalties,penalty_yards,timeouts,punt_returns,punt_return_yards,kickoff_returns,kickoff_return_yards,fg_made,fg_att,fg_missed,fg_blocked,fg_long,fg_pct,fg_made_0_19,fg_made_20_29,fg_made_30_39,fg_made_40_49,fg_made_50_59,fg_made_60_,fg_missed_0_19,fg_missed_20_29,fg_missed_30_39,fg_missed_40_49,fg_missed_50_59,fg_missed_60_,fg_made_distance,fg_missed_distance,fg_blocked_distance,pat_made,pat_att,pat_missed,pat_blocked,pat_pct,gwfg_made,gwfg_att,gwfg_missed,gwfg_blocked,gwfg_distance,games_played,wins,losses,ties,win_pct,points_for,points_against,point_diff,points_per_game,points_against_per_game,third_down_attempts,third_down_conversions,third_down_pct,fourth_down_attempts,fourth_down_conversions,fourth_down_pct,third_down_attempts_against,third_down_conversions_against,third_down_pct_against,fourth_down_attempts_against,fourth_down_conversions_against,fourth_down_pct_against,red_zone_trips,red_zone_tds,red_zone_pct,red_zone_trips_against,red_zone_tds_against,red_zone_pct_against,sacks_taken,interceptions,completion_pct,yards_per_attempt,yards_per_carry,passer_rating,total_yards,yards_per_game,total_first_downs,first_downs_per_game,total_epa,epa_per_game,total_turnovers,turnover_margin,league_win_pct,div_win_pct,games_behind,ot_wins,ot_losses,road_record,conf_record,div_record,playoff_seed,clincher,streak_display
IND,12150,21,130,183,1511,8,3,5,-41,1,0,1484,677,77,52.443827363840164,21.710408652337602,0,173,791,13,0,0,52,19.600032840399145,1,130,180,1511,8,1,1,1484,677,77,54.840354926222965,0,0,227,11,163,33,140,2,16.0,97.0,39,7,93,28,1,0,0,0,2,2,2,2,0,44,341,20,5,35,21,571,14,15,1,0,226.0,4.666666666666666,0,5,5,3,1,0,0,0,0,0,1,0,501,51,0,18,18,0,0,6.0,1,1,0,0,45,6,5,1,0,0.8333,194,116,78,32.333333333333336,19.333333333333332,65,32,49.23076923076923,8,6,75.0,73,35,47.94520547945205,9,4,44.44444444444444,29,18,62.06896551724138,19,11,57.89473684210527,5,3,71.03825136612022,8.256830601092895,4.572254335260116,0,2302,383.6666666666667,129,21.5,72.04386020423931,12.007310034039884,4,5,1.0,1.0,0.0,0,0,1-1,4-0,1-0,1,,W2
TB,12150,21,129,195,1539,12,1,10,-74,3,0,1685,820,67,46.00072506399374,10.418992929844318,1,163,656,5,2,1,41,-2.5096439269550146,0,129,189,1539,12,0,0,1685,820,67,65.57122355444619,1,0,238,7,141,38,203,3,16.0,132.0,35,4,77,28,1,0,1,0,4,4,2,2,0,40,337,21,11,165,27,656,13,17,3,1,252.0,3.8333333333333335,0,1,5,3,3,1,0,0,1,2,0,0,569,131,43,14,15,1,0,5.666666666666666,2,2,0,0,75,6,5,1,0,0.8333,165,151,14,27.5,25.166666666666668,73,30,41.0958904109589,5,3,60.0,74,29,39.189189189189186,12,5,41.66666666666667,19,9,47.368421052631575,16,11,68.75,10,1,66.15384615384615,7.892307692307693,4.024539877300613,0,2195,365.8333333333333,108,18.0,43.49108113703873,7.2485135228397874,2,4,0.75,1.0,0.0,0,0,3-0,3-1,1-0,1,,W2
PIT,10125,16,97,140,1033,10,3,9,-64,0,0,735,705,43,15.998186079968658,24.09390768591706,1,124,420,3,2,0,33,-7.261596218920253,0,97,133,1033,10,2,0,735,705,43,32.35041009548302,1,0,221,8,158,34,144,7,20.0,127.0,52,5,52,31,0,0,0,0,3,3,5,5,0,29,194,19,5,39,18,444,9,11,1,1,191.0,3.25,0,0,1,5,2,1,0,0,0,0,1,0,432,54,30,12,12,0,0,4.0,0,0,0,0,0,5,4,1,0,0.8,119,107,12,23.8,21.4,56,22,39.285714285714285,3,1,33.33333333333333,71,29,40.845070422535215,16,10,62.5,14,10,71.42857142857143,18,9,50.0,9,3,69.28571428571428,7.378571428571429,3.3870967741935485,0,1453,290.6,76,15.2,8.736589861048405,1.747317972209681,3,7,1.0,1.0,0.5,0,0,2-0,3-0,1-0,2,,W3
GB,10125,16,103,147,1259,9,2,9,-72,1,1,1210,663,57,44.59247367958294,42.39834485795639,0,154,611,6,1,0,38,5.112236138685345,0,103,136,1259,9,0,0,1210,663,57,66.98534366508767,0,0,178,12,158,23,82,0,12.0,69.0,40,2,0,20,0,0,0,37,1,1,0,0,0,40,285,22,13,71,14,390,9,11,1,1,229.0,4.166666666666666,0,1,5,1,2,0,0,0,0,1,0,0,358,48,43,14,15,0,1,4.8,0,0,0,0,0,5,3,1,1,0.7,131,102,29,26.2,20.4,66,34,51.515151515151516,4,3,75.0,69,24,34.78260869565217,12,8,66.66666666666666,21,15,71.42857142857143,14,9,64.28571428571429,9,2,70.06802721088435,8.564625850340136,3.9675324675324677,0,1870,374.0,95,19.0,49.704709818268284,9.940941963653657,3,-1,0.8333,1.0,1.0,0,0,0-1-1,2-0-1,1-0,2,,W1
DET,12150,21,133,175,1393,15,2,9,-43,1,1,1176,730,76,58.43160318765383,70.3455788031878,0,175,772,8,1,0,43,-6.648015843014499,0,133,167,1393,15,1,0,1176,730,76,82.254565070924,0,1,218,7,147,24,124,7,19.0,126.0,34,6,51,30,0,0,1,0,1,2,3,3,0,36,265,19,12,125,23,582,7,9,2,0,195.0,4.0,0,2,2,2,1,0,0,0,0,0,1,1,270,122,0,24,24,0,0,6.0,0,0,0,0,0,6,4,2,0,0.6667,191,142,49,31.833333333333332,23.666666666666668,71,29,40.845070422535215,11,7,63.63636363636363,68,28,41.17647058823529,8,4,50.0,27,19,70.37037037037037,21,14,66.66666666666666,9,2,76.0,7.96,4.411428571428571,0,2165,360.8333333333333,119,19.833333333333332,51.78358734463933,8.630597890773222,3,6,0.5,0.5,1.0,0,0,2-2,1-1,1-1,6,,L1
SEA,12150,21,116,164,1556,11,3,7,-43,2,1,1498,552,70,55.956024529208136,64.12379066428292,0,169,625,6,2,2,38,-30.708514739749734,0,116,154,1556,11,2,1,1498,552,70,71.8846593553168,0,2,249,14,174,31,132,0,20.0,134.0,50,7,79,28,0,1,0,8,1,2,0,0,0,34,296,23,11,171,22,623,11,14,3,0,263.0,4.25,0,1,3,3,4,0,0,0,1,1,1,0,482,133,0,19,19,0,0,6.0,1,1,0,0,52,6,4,2,0,0.6667,166,117,49,27.666666666666668,19.5,66,25,37.878787878787875,4,2,50.0,86,34,39.53488372093023,10,7,70.0,21,14,66.66666666666666,19,9,47.368421052631575,7,3,70.73170731707317,9.487804878048781,3.698224852071006,0,2181,363.5,108,18.0,25.2475097894584,4.207918298243067,7,0,0.5,0.5,1.0,0,0,3-0,2-2,1-1,5,,W1
DEN,12150,21,133,206,1277,9,4,6,-36,1,1,1380,760,63,21.793074718917108,-6.55505613511583,1,168,781,6,1,0,39,-4.837062769307522,0,133,194,1277,9,1,1,1380,760,63,36.94432620285856,1,0,218,8,174,31,169,4,30.0,187.0,63,1,0,31,0,1,0,0,1,1,3,3,0,49,448,25,15,180,23,590,8,9,1,0,193.0,4.0,0,2,3,1,2,0,0,0,0,1,0,0,315,42,0,14,14,0,0,6.0,0,0,0,0,0,6,4,2,0,0.6667,130,95,35,21.666666666666668,15.833333333333334,81,31,38.2716049382716,6,3,50.0,81,22,27.160493827160494,5,1,20.0,17,11,64.70588235294117,14,4,28.57142857142857,6,4,64.56310679611651,6.199029126213592,4.648809523809524,0,2058,343.0,102,17.0,16.956011949609586,2.8260019916015975,6,-2,0.6,0.0,1.0,0,0,2-2,3-2,0-1,7,,W3
BUF,10125,15,108,154,1249,9,2,8,-42,0,0,1127,635,66,40.718591143730336,22.38794877733847,0,162,772,9,3,1,46,16.511329534409278,0,108,149,1249,9,2,1,1127,635,66,49.51540013551055,0,0,206,4,82,26,128,8,13.0,67.0,24,2,28,11,0,1,0,0,3,5,3,3,0,36,287,27,8,43,21,557,10,11,1,0,223.0,4.5,0,2,4,3,1,0,0,0,1,0,0,0,372,39,0,15,15,0,0,5.0,1,1,0,0,32,6,4,2,0,0.6667,167,137,30,27.833333333333332,22.833333333333332,56,26,46.42857142857143,4,3,75.0,59,24,40.67796610169492,6,4,66.66666666666666,22,14,63.63636363636363,15,9,60.0,8,2,70.12987012987013,8.11038961038961,4.765432098765432,0,2021,336.8333333333333,112,18.666666666666668,57.229920678139614,9.53832011302327,4,1,0.75,0.6667,1.0,0,0,1-1,3-1,2-1,5,,L2
LAR,12150,21,139,210,1684,12,2,11,-69,1,1,1755,595,78,43.7166495052707,14.34976167427763,0,146,635,4,5,3,42,-25.55730940681206,0,139,205,1684,12,1,1,1755,595,78,67.36774089177656,0,0,239,17,185,30,162,6,19.0,139.0,47,4,0,28,0,0,0,0,3,6,5,5,0,33,269,25,12,109,22,524,10,14,2,2,198.0,3.6666666666666665,0,3,3,3,1,0,0,1,0,0,1,0,363,79,80,14,16,0,2,5.416666666666667,0,0,0,0,0,6,4,2,0,0.6667,140,110,30,23.333333333333332,18.333333333333332,67,28,41.7910447761194,10,6,60.0,85,32,37.64705882352941,17,12,70.58823529411765,26,13,50.0,18,8,44.44444444444444,11,2,66.19047619047619,8.019047619047619,4.3493150684931505,0,2319,386.5,120,20.0,18.159340098458642,3.0265566830764405,7,2,0.0,0.0,1.0,0,1,2-1,0-2,0-1,7,,W1
NE,12150,21,131,180,1522,10,2,18,-55,2,1,1342,648,70,61.637267287600196,63.8901586362191,0,158,549,6,4,3,40,-25.257138002197955,2,131,173,1522,10,1,1,1342,648,70,88.14840182069871,0,2,211,17,169,33,94,4,13.0,70.0,30,4,58,18,0,0,0,0,5,7,3,3,0,53,411,18,9,208,26,665,8,9,1,0,173.0,3.6666666666666665,1,2,2,1,2,0,0,0,0,1,0,0,279,40,0,14,16,2,0,5.333333333333333,1,1,0,0,52,6,4,2,0,0.6667,150,120,30,25.0,20.0,68,29,42.64705882352941,10,8,80.0,64,26,40.625,6,2,33.33333333333333,20,12,60.0,14,10,71.42857142857143,18,2,72.77777777777777,8.455555555555556,3.4746835443037973,0,2071,345.1666666666667,110,18.333333333333332,36.38012928540224,6.0633548809003734,7,0,0.5,1.0,1.0,0,0,3-0,2-2,2-0,4,,W3
JAX,12150,21,129,211,1324,8,5,13,-82,0,0,1571,641,63,1.1736736407983206,-19.206653296576214,0,160,744,6,2,1,44,5.783701395564217,0,129,205,1324,8,1,0,1571,641,63,19.001632597331433,0,1,200,8,166,23,81,5,8.0,59.0,31,10,186,40,1,2,0,0,2,2,4,4,0,52,409,23,11,153,20,497,10,13,3,0,224.0,4.166666666666666,0,3,3,3,1,0,0,0,0,2,1,0,374,144,0,13,14,1,0,5.0,0,0,0,0,0,6,4,2,0,0.6667,139,120,19,23.166666666666668,20.0,77,28,36.36363636363637,9,6,66.66666666666666,77,33,42.857142857142854,5,2,40.0,20,11,55.00000000000001,17,9,52.94117647058824,13,5,61.137440758293835,6.274881516587678,4.65,0,2068,344.6666666666667,107,17.833333333333332,6.957375036362537,1.1595625060604229,6,8,0.6667,1.0,1.0,0,0,1-1,2-1,1-0,6,,L1
LAC,12150,21,149,220,1537,10,4,18,-97,0,0,1627,719,72,9.31514041799733,10.812064226724875,0,144,724,2,2,1,39,-0.7627508484525873,1,149,214,1537,10,5,2,1627,719,72,29.327996932141104,0,0,218,10,158,32,135,2,16.0,89.0,31,6,31,31,0,0,0,0,2,4,1,1,0,46,344,18,10,93,22,566,14,14,0,0,253.0,6.0,0,3,8,2,1,0,0,0,0,0,0,0,493,0,0,11,11,0,0,6.0,2,2,0,0,76,6,4,2,0,0.6667,127,125,2,21.166666666666668,20.833333333333332,83,38,45.78313253012048,6,4,66.66666666666666,78,30,38.46153846153847,9,6,66.66666666666666,20,7,35.0,21,9,42.857142857142854,18,4,67.72727272727272,6.986363636363636,5.027777777777778,0,2261,376.8333333333333,111,18.5,8.552389569544744,1.4253982615907905,7,0,1.0,1.0,1.0,0,0,2-1,4-0,3-0,3,,W1
PHI,12150,21,117,172,1172,8,1,18,-97,2,1,1452,470,54,-2.1071368410467786,34.11185651487806,0,162,572,8,1,0,44,3.993609908289532,0,117,164,1172,8,1,1,1452,470,54,28.391021811870704,0,2,237,10,170,19,60,4,9.0,46.0,30,3,41,33,0,0,0,96,2,3,2,2,0,41,392,25,5,48,25,518,6,6,0,0,228.0,5.0,0,0,2,1,3,0,0,0,0,0,0,0,279,0,0,16,16,0,0,6.0,0,0,0,0,0,6,4,2,0,0.6667,142,143,-1,23.666666666666668,23.833333333333332,74,26,35.13513513513514,9,7,77.77777777777779,78,34,43.58974358974359,8,3,37.5,16,14,87.5,17,9,52.94117647058824,18,1,68.02325581395348,6.813953488372093,3.5308641975308643,0,1744,290.6666666666667,98,16.333333333333332,1.8864730672427537,0.3144121778737923,3,2,0.75,0.5,1.0,0,0,2-1,3-1,1-1,4,,L2
SF,12150,21,161,241,1838,10,7,13,-89,3,2,1797,839,90,30.46693573386038,12.887722718034638,1,161,493,1,1,0,35,-21.34940105403786,0,161,232,1838,10,2,1,1797,839,90,57.60011327332863,1,0,217,8,174,29,97,7,7.0,49.0,14,0,0,19,0,1,0,0,4,4,5,5,0,41,333,29,12,107,20,481,16,18,1,1,268.0,5.333333333333333,0,4,4,4,4,0,0,1,0,0,0,0,629,27,36,9,10,1,0,5.666666666666666,2,2,0,0,76,6,4,2,0,0.6667,125,128,-3,20.833333333333332,21.333333333333332,85,39,45.88235294117647,10,6,60.0,66,23,34.84848484848485,8,6,75.0,21,9,42.857142857142854,18,11,61.111111111111114,13,7,66.80497925311202,7.626556016597511,3.062111801242236,0,2331,388.5,125,20.833333333333332,9.117534679822523,1.5195891133037538,10,-5,0.8,1.0,1.0,1,0,3-1,4-1,3-0,3,,L1
MIN,10125,15,96,146,1121,8,5,21,-130,2,1,1144,516,51,-7.028246869985544,-2.9736595302402806,2,119,534,4,5,2,32,-10.378230264614103,0,96,141,1121,8,0,0,1144,516,51,30.94244509396728,2,0,189,9,151,28,120,8,13.0,87.0,23,2,87,14,1,1,0,0,4,4,5,5,1,44,337,23,17,170,23,578,8,9,1,0,213.0,4.0,0,1,3,1,2,1,0,0,0,0,1,0,340,51,0,11,11,0,0,4.0,0,0,0,0,0,5,3,2,0,0.6,123,97,26,24.6,19.4,57,18,31.57894736842105,6,4,66.66666666666666,63,19,30.158730158730158,5,3,60.0,15,10,66.66666666666666,16,8,50.0,21,5,65.75342465753424,7.678082191780822,4.487394957983193,0,1655,331.0,83,16.6,-17.406477134599648,-3.4812954269199294,8,-1,0.5,1.0,1.5,0,0,2-1,1-1,1-0,9,,W1
ATL,8100,10,83,132,947,3,3,5,-42,0,0,1000,493,46,2.8194660319802267,-13.765843194099553,0,127,546,4,3,1,33,-3.7503651093262826,0,83,130,947,3,1,1,1000,493,46,6.802960611239573,0,0,121,4,106,15,52,3,10.0,62.0,23,3,0,16,0,0,0,0,3,4,3,3,0,21,152,16,5,29,16,332,9,12,3,0,133.0,2.6666666666666665,0,2,5,1,1,0,0,0,0,2,1,0,328,148,0,7,7,0,0,3.0,0,0,0,0,0,5,3,2,0,0.6,100,100,0,20.0,20.0,54,23,42.592592592592595,8,4,50.0,44,15,34.090909090909086,7,6,85.71428571428571,13,6,46.15384615384615,6,4,66.66666666666666,5,3,62.878787878787875,7.174242424242424,4.299212598425197,0,1493,298.6,79,15.8,-0.9308990773460559,-0.1861798154692112,5,1,0.5,0.0,1.5,0,0,1-1,2-2,0-2,8,,W2
CHI,8100,10,83,133,954,8,2,7,-51,0,0,1096,419,42,9.801156109964946,-19.555339038589594,0,108,409,3,4,1,29,-16.001874305259634,0,83,131,954,8,0,0,1096,419,42,23.23645985043026,0,0,150,16,104,17,64,2,5.0,26.0,17,7,124,15,1,0,0,0,3,4,2,2,0,34,278,10,9,103,19,503,6,7,1,0,124.0,2.5,0,0,1,3,2,0,0,0,0,0,1,0,264,50,0,11,11,0,0,4.0,0,0,0,0,0,5,3,2,0,0.6,126,141,-15,25.2,28.2,56,25,44.642857142857146,5,2,40.0,41,12,29.268292682926827,5,3,60.0,11,7,63.63636363636363,17,11,64.70588235294117,7,2,62.40601503759399,7.172932330827067,3.787037037037037,0,1363,272.6,71,14.2,-6.200718195294687,-1.2401436390589375,3,6,0.5,0.0,1.5,0,0,2-1,2-2,0-2,10,,W3
WAS,10125,15,89,146,1027,7,1,11,-64,0,0,1241,450,46,16.948559324941716,8.475230146517818,2,133,782,7,2,2,38,14.014474216595474,0,89,134,1027,7,2,0,1241,450,46,43.497068869552535,2,1,182,8,156,30,128,4,15.0,97.0,32,2,23,19,0,2,0,0,3,3,1,1,0,37,271,24,12,177,18,598,9,12,3,0,195.0,3.0,0,1,1,4,3,0,0,0,1,0,2,0,396,147,0,13,13,0,0,5.0,0,0,0,0,0,6,3,3,0,0.5,158,126,32,26.333333333333332,21.0,51,17,33.33333333333333,6,4,66.66666666666666,69,27,39.130434782608695,9,5,55.55555555555556,14,10,71.42857142857143,17,10,58.82352941176471,11,1,60.95890410958904,7.034246575342466,5.879699248120301,0,1809,301.5,84,14.0,30.96303354153719,5.160505590256198,3,0,0.25,1.0,2.0,0,0,1-2,1-3,1-0,12,,L1
KC,12150,21,138,213,1514,11,2,10,-66,3,0,1713,784,75,38.95165382842286,6.396937763614453,0,154,712,7,1,0,53,15.659905677395797,0,138,205,1514,11,0,0,1713,784,75,54.95286583055242,0,0,220,7,153,28,71,3,12.0,47.0,36,4,25,21,0,0,0,0,5,5,2,2,0,42,350,22,9,91,25,672,11,14,3,0,240.0,4.0,0,3,4,1,3,0,0,0,0,1,2,0,432,154,0,14,17,3,0,4.25,0,0,0,0,0,6,3,3,0,0.5,155,124,31,25.833333333333332,20.666666666666668,72,31,43.05555555555556,13,11,84.61538461538461,66,26,39.39393939393939,13,4,30.76923076923077,25,16,64.0,17,10,58.82352941176471,10,2,64.7887323943662,7.107981220657277,4.623376623376624,0,2226,371.0,128,21.333333333333332,54.61155950581866,9.10192658430311,2,4,0.3333,0.0,2.0,0,0,1-2,1-2,0-1,8,,W1
CAR,12150,21,128,205,1208,11,5,10,-79,2,2,1374,587,68,-12.778351894249763,10.404013774236853,0,172,856,3,1,1,47,12.467275937162858,0,128,191,1208,11,2,0,1374,588,68,27.55402389807091,0,0,211,8,140,22,87,1,5.0,36.0,13,4,75,19,1,1,0,0,2,2,1,1,0,36,305,23,8,31,21,469,10,11,1,0,236.0,5.0,0,1,4,3,2,0,0,0,0,0,1,0,411,55,0,12,13,1,0,5.5,1,1,0,0,33,6,3,3,0,0.5,132,146,-14,22.0,24.333333333333332,74,29,39.189189189189186,14,9,64.28571428571429,67,26,38.80597014925373,10,7,70.0,19,12,63.1578947368421,20,12,60.0,10,5,62.4390243902439,5.892682926829268,4.976744186046512,0,2064,344.0,115,19.166666666666668,-0.3110759570869046,-0.051845992847817435,8,-3,0.6667,1.0,2.0,0,0,0-3,2-1,1-0,11,,W2
DAL,12150,21,167,234,1658,13,4,7,-36,0,0,1695,737,82,61.155239068598206,32.07276364174368,1,144,703,7,4,2,42,1.676164911152057,0,167,229,1658,13,0,0,1695,737,82,73.950211413936,1,0,247,6,192,28,150,4,10.0,88.0,35,2,21,10,0,1,0,0,3,5,2,2,0,48,396,36,6,57,29,688,12,12,0,0,255.0,6.0,0,3,2,3,3,1,0,0,0,0,0,0,493,0,0,18,19,1,0,4.8,1,1,0,0,46,6,2,3,1,0.4167,178,184,-6,29.666666666666668,30.666666666666668,71,31,43.66197183098591,8,6,75.0,78,42,53.84615384615385,8,5,62.5,23,15,65.21739130434783,24,15,62.5,7,4,71.36752136752136,7.085470085470085,4.881944444444445,0,2361,393.5,124,20.666666666666668,62.83140397975026,10.471900663291711,6,-2,0.3,0.5,2.5,1,0,1-3,1-3-1,1-1,13,,L1
HOU,10125,15,104,148,1099,8,3,12,-108,0,0,1096,474,46,14.451407700623607,15.026972036756563,0,133,581,3,0,0,32,3.9012221520959542,0,104,145,1099,8,2,2,1096,474,46,30.596906244647762,0,0,179,7,105,23,127,2,12.0,93.0,26,5,40,22,0,0,0,1,0,0,1,1,0,34,267,12,11,125,10,255,11,13,2,0,237.0,4.166666666666666,0,1,2,3,5,0,0,0,0,0,2,0,495,106,0,9,9,0,0,4.0,0,0,0,0,0,5,2,3,0,0.4,108,61,47,21.6,12.2,60,22,36.666666666666664,7,6,85.71428571428571,61,22,36.0655737704918,4,2,50.0,11,6,54.54545454545454,11,7,63.63636363636363,12,3,70.27027027027027,7.425675675675675,4.368421052631579,0,1680,336.0,78,15.6,18.35262985271956,3.670525970543912,5,1,0.6667,0.5,2.5,0,0,1-2,2-1,1-1,9,,W2
ARI,12150,21,137,206,1282,8,4,18,-119,0,0,1341,674,67,11.199553282217629,1.6952753146044595,0,147,679,5,3,2,38,-6.918564093435754,0,137,197,1282,8,0,0,1341,674,67,45.44209805774344,0,0,225,9,191,28,114,4,11.0,69.0,33,4,31,37,0,1,1,0,1,2,3,3,1,48,338,20,9,110,24,605,10,12,1,1,232.0,4.333333333333333,0,2,2,4,2,0,0,0,0,0,1,0,404,57,46,14,14,0,0,6.0,0,0,0,0,0,6,2,4,0,0.3333,130,127,3,21.666666666666668,21.166666666666668,82,37,45.1219512195122,5,4,80.0,74,27,36.486486486486484,10,5,50.0,23,13,56.52173913043478,21,12,57.14285714285714,18,4,66.50485436893204,6.223300970873787,4.619047619047619,0,1961,326.8333333333333,105,17.5,4.2809891887818745,0.7134981981303125,6,1,0.5,0.0,3.0,0,0,1-2,2-2,0-2,14,,L4
NYG,12150,21,122,197,1294,7,5,16,-82,3,1,1721,610,55,-22.722648318109904,-4.4584897346794605,0,181,757,7,3,1,56,-4.912121296467238,1,122,187,1294,7,1,1,1721,610,55,7.683802252939561,0,0,242,6,158,33,122,2,12.0,88.0,35,4,161,32,0,0,0,0,3,4,1,1,0,49,470,31,13,121,26,706,8,8,0,0,149.0,4.0,0,3,4,0,1,0,0,0,0,0,0,0,258,0,0,11,13,1,1,3.8,0,0,0,0,0,6,2,4,0,0.3333,121,144,-23,20.166666666666668,24.0,80,32,40.0,14,6,42.857142857142854,74,30,40.54054054054054,4,4,100.0,22,9,40.909090909090914,17,10,58.82352941176471,16,5,61.92893401015228,6.568527918781726,4.18232044198895,0,2051,341.8333333333333,111,18.5,-27.63476961457714,-4.605794935762857,8,-3,0.25,0.3333,3.0,0,1,0-3,1-3,1-2,15,,W1
LV,12150,21,123,186,1350,7,10,18,-141,0,0,1345,710,64,-15.829642331340438,4.905671787933307,1,159,631,3,1,1,34,-34.7566846868742,0,123,182,1350,7,0,0,1345,710,64,16.852768548488623,1,0,219,13,153,37,138,4,13.0,82.0,28,3,19,23,0,0,0,0,1,1,4,4,0,37,306,25,9,100,25,644,11,14,2,1,258.0,4.833333333333333,0,3,3,2,3,0,0,0,0,0,2,0,428,115,54,8,8,0,0,4.0,0,1,0,1,54,6,2,4,0,0.3333,103,149,-46,17.166666666666668,24.833333333333332,80,33,41.25,10,5,50.0,75,31,41.333333333333336,6,5,83.33333333333334,18,7,38.88888888888889,21,12,57.14285714285714,18,10,66.12903225806451,7.258064516129032,3.9685534591194966,0,1981,330.1666666666667,98,16.333333333333332,-50.58632701821464,-8.431054503035773,11,-4,0.5,0.0,3.0,0,0,1-2,2-2,0-1,11,,W1
CIN,12150,21,130,205,1165,10,8,16,-94,1,0,1466,518,57,-34.093748035021505,0.5926302268223891,1,108,340,2,2,1,23,-10.223352684348356,0,130,194,1165,10,4,2,1466,518,57,-18.029303165291612,1,0,236,13,217,20,72,2,11.0,58.0,26,6,38,24,0,0,0,0,4,4,1,1,0,34,219,22,6,78,28,665,6,8,2,0,232.0,5.333333333333333,0,1,2,2,1,0,0,0,0,0,1,1,232,123,0,11,11,0,0,5.0,0,0,0,0,0,6,2,4,0,0.3333,103,183,-80,17.166666666666668,30.5,75,28,37.333333333333336,3,3,100.0,72,34,47.22222222222222,7,4,57.14285714285714,13,10,76.92307692307693,28,19,67.85714285714286,16,8,63.41463414634146,5.682926829268292,3.1481481481481484,0,1505,250.83333333333334,80,13.333333333333334,-44.31710071936986,-7.38618345322831,11,-4,0.6667,1.0,3.0,0,0,1-3,2-1,1-0,10,,L4
MIA,12150,21,133,191,1253,11,7,13,-67,1,1,1322,611,70,15.174382904649848,20.736259441751436,1,118,548,4,3,0,29,2.1562083235056435,0,133,185,1253,11,0,0,1322,611,70,41.24447275218959,1,1,242,10,162,19,93,6,12.0,78.0,25,1,7,16,0,0,0,0,3,4,5,5,0,38,286,30,8,152,32,847,7,8,1,0,181.0,3.6666666666666665,0,1,1,5,0,0,0,0,0,0,1,0,284,57,0,15,15,0,0,5.0,0,0,0,0,0,6,1,5,0,0.1667,134,174,-40,22.333333333333332,29.0,71,33,46.478873239436616,7,4,57.14285714285714,73,35,47.94520547945205,9,8,88.88888888888889,16,12,75.0,28,13,46.42857142857143,13,7,69.63350785340315,6.560209424083769,4.6440677966101696,0,1801,300.1666666666667,99,16.5,17.33059122815549,2.8884318713592485,8,-2,0.2,0.3333,4.0,0,0,0-3,1-4,1-2,13,,L2
NO,12150,21,140,207,1236,6,2,11,-61,2,0,1518,515,60,-5.886138550284696,12.891971626745553,0,166,657,3,0,0,41,-6.130045026624072,0,140,198,1236,6,2,2,1518,515,60,7.354880807209007,0,0,236,13,139,31,104,5,12.0,64.0,28,3,0,26,0,0,0,0,2,2,5,5,1,50,362,24,8,112,27,642,14,19,5,0,224.0,4.0,0,6,4,1,3,0,0,0,1,2,2,0,515,227,0,9,9,0,0,6.0,0,0,0,0,0,6,1,5,0,0.1667,111,160,-49,18.5,26.666666666666668,77,29,37.66233766233766,9,3,33.33333333333333,67,29,43.28358208955223,8,4,50.0,19,8,42.10526315789473,18,12,66.66666666666666,11,2,67.6328502415459,5.971014492753623,3.9578313253012047,0,1893,315.5,101,16.833333333333332,-12.016183576908768,-2.002697262818128,4,4,0.25,0.0,4.0,0,0,0-2,1-3,0-0,16,,L1
BAL,12150,21,112,163,1240,10,5,20,-142,2,1,1269,523,55,-2.6182280201477877,32.14767995698084,0,142,757,6,5,3,40,-3.3057530735031353,0,112,158,1240,10,2,1,1269,523,55,31.883680826659663,0,0,236,11,185,25,93,3,8.0,53.0,28,1,61,14,0,0,0,5,4,5,2,2,1,38,274,25,7,111,31,762,9,10,1,0,243.0,5.5,0,1,3,4,1,0,0,0,0,0,1,0,356,55,0,15,16,1,0,4.8,0,0,0,0,0,6,1,5,0,0.1667,144,194,-50,24.0,32.333333333333336,68,28,41.17647058823529,12,4,33.33333333333333,82,37,45.1219512195122,14,11,78.57142857142857,18,7,38.88888888888889,30,21,70.0,20,5,68.71165644171779,7.607361963190184,5.330985915492958,0,1997,332.8333333333333,95,15.833333333333334,-5.923981093650923,-0.9873301822751538,10,-7,0.25,1.0,4.0,0,0,0-2,1-3,1-0,12,,L4
CLE,12150,21,144,249,1245,5,6,17,-100,2,2,1708,624,57,-71.18621543931621,-35.159854886512385,0,141,544,3,0,0,40,2.6404498696065275,0,144,233,1245,5,0,0,1708,624,57,-24.772366831810533,0,0,186,22,188,35,128,5,14.0,96.0,30,2,38,19,0,1,0,0,1,1,2,2,0,43,351,25,11,96,25,607,9,11,2,0,255.0,5.0,0,0,6,1,2,0,0,0,1,0,1,0,353,92,0,7,8,1,0,4.5,1,1,0,0,55,6,1,5,0,0.1667,82,146,-64,13.666666666666666,24.333333333333332,93,32,34.40860215053764,16,10,62.5,79,34,43.037974683544306,2,1,50.0,15,8,53.333333333333336,15,11,73.33333333333333,17,6,57.831325301204814,5.0,3.858156028368794,0,1789,298.1666666666667,97,16.166666666666668,-68.54576556970969,-11.42429426161828,8,-4,0.0,0.0,4.0,0,0,0-3,0-3,0-3,14,,L3
TEN,12150,21,111,202,1101,3,4,25,-198,4,4,1558,497,54,-62.33444239807142,-47.34567516776484,0,127,491,2,2,2,29,-17.704402493931713,0,111,184,1101,3,0,0,1558,497,54,0.5443395539726676,0,0,223,18,170,24,95,1,9.0,71.0,31,4,17,19,0,0,0,0,0,0,4,4,1,48,365,24,6,82,28,732,14,18,3,1,261.0,4.5,0,1,4,4,5,0,0,0,0,2,0,1,613,148,62,5,6,1,0,3.5,1,1,0,0,29,6,1,5,0,0.1667,83,161,-78,13.833333333333334,26.833333333333332,81,23,28.39506172839506,8,4,50.0,77,33,42.857142857142854,9,7,77.77777777777779,11,5,45.45454545454545,23,13,56.52173913043478,25,4,54.95049504950495,5.4504950495049505,3.8661417322834644,0,1592,265.3333333333333,83,13.833333333333334,-80.03884489200313,-13.339807482000522,10,-2,0.0,0.0,4.0,0,0,1-3,0-4,0-2,15,,L1
NYJ,12150,21,113,170,1052,7,1,25,-187,3,2,1109,414,55,-13.165033135376401,-3.7767494153975,2,164,814,4,3,3,48,-12.925617255179457,1,113,164,1052,7,1,0,1109,414,55,32.08726933788904,2,1,204,11,189,26,81,7,8.0,42.0,17,0,0,21,0,0,1,50,3,3,1,1,0,44,367,30,12,121,36,1026,12,12,0,0,302.0,6.0,0,1,3,3,5,0,0,0,0,0,0,0,529,0,0,7,7,0,0,4.0,0,0,0,0,0,6,0,6,0,0.0,123,170,-47,20.5,28.333333333333332,76,23,30.263157894736842,15,8,53.333333333333336,75,29,38.666666666666664,4,4,100.0,13,8,61.53846153846154,22,13,59.09090909090909,25,1,66.47058823529412,6.188235294117647,4.963414634146342,0,1866,311.0,103,17.166666666666668,-26.090650390555858,-4.348441731759309,6,-5,0.0,0.0,5.0,0,0,0-2,0-4,0-2,16,,L6
